WORD	PF	OTHER	RELATION	LLR	PEARSONRESID	LOGODDSRATIO	PMI	DELTAPC2W	DELTAPW2C	KLDC2W	KLDW2C
risen	4	0	attraction	39.6169245474178	23.5960477525784	28.3123973398969	7.14145613546118	0.00409416581371546	0.992945952803857	0.0233854458178418	7.14145613546118
fled	2	0	attraction	19.8043887054536	16.6849253750498	27.8474175404361	7.14145613546118	0.00204708290685773	0.992931555710216	0.0116897365342735	7.14145613546118
alienated	1	0	attraction	9.90117701200328	11.7980238762892	27.5100648386076	7.14145613546118	0.00102354145342886	0.992924357319955	0.00584412244963963	7.14145613546118
allured	1	0	attraction	9.90117701200328	11.7980238762892	27.5100648386076	7.14145613546118	0.00102354145342886	0.992924357319955	0.00584412244963963	7.14145613546118
assuaged	1	0	attraction	9.90117701200328	11.7980238762892	27.5100648386076	7.14145613546118	0.00102354145342886	0.992924357319955	0.00584412244963963	7.14145613546118
availed	1	0	attraction	9.90117701200328	11.7980238762892	27.5100648386076	7.14145613546118	0.00102354145342886	0.992924357319955	0.00584412244963963	7.14145613546118
awaited	1	0	attraction	9.90117701200328	11.7980238762892	27.5100648386076	7.14145613546118	0.00102354145342886	0.992924357319955	0.00584412244963963	7.14145613546118
borrowed	1	0	attraction	9.90117701200328	11.7980238762892	27.5100648386076	7.14145613546118	0.00102354145342886	0.992924357319955	0.00584412244963963	7.14145613546118
centered	1	0	attraction	9.90117701200328	11.7980238762892	27.5100648386076	7.14145613546118	0.00102354145342886	0.992924357319955	0.00584412244963963	7.14145613546118
conciliated	1	0	attraction	9.90117701200328	11.7980238762892	27.5100648386076	7.14145613546118	0.00102354145342886	0.992924357319955	0.00584412244963963	7.14145613546118
corresponded	1	0	attraction	9.90117701200328	11.7980238762892	27.5100648386076	7.14145613546118	0.00102354145342886	0.992924357319955	0.00584412244963963	7.14145613546118
decayed	1	0	attraction	9.90117701200328	11.7980238762892	27.5100648386076	7.14145613546118	0.00102354145342886	0.992924357319955	0.00584412244963963	7.14145613546118
decreed	1	0	attraction	9.90117701200328	11.7980238762892	27.5100648386076	7.14145613546118	0.00102354145342886	0.992924357319955	0.00584412244963963	7.14145613546118
distracted	1	0	attraction	9.90117701200328	11.7980238762892	27.5100648386076	7.14145613546118	0.00102354145342886	0.992924357319955	0.00584412244963963	7.14145613546118
drifted	1	0	attraction	9.90117701200328	11.7980238762892	27.5100648386076	7.14145613546118	0.00102354145342886	0.992924357319955	0.00584412244963963	7.14145613546118
dropped	1	0	attraction	9.90117701200328	11.7980238762892	27.5100648386076	7.14145613546118	0.00102354145342886	0.992924357319955	0.00584412244963963	7.14145613546118
endeavored	1	0	attraction	9.90117701200328	11.7980238762892	27.5100648386076	7.14145613546118	0.00102354145342886	0.992924357319955	0.00584412244963963	7.14145613546118
ensured	1	0	attraction	9.90117701200328	11.7980238762892	27.5100648386076	7.14145613546118	0.00102354145342886	0.992924357319955	0.00584412244963963	7.14145613546118
eroded	1	0	attraction	9.90117701200328	11.7980238762892	27.5100648386076	7.14145613546118	0.00102354145342886	0.992924357319955	0.00584412244963963	7.14145613546118
expounded	1	0	attraction	9.90117701200328	11.7980238762892	27.5100648386076	7.14145613546118	0.00102354145342886	0.992924357319955	0.00584412244963963	7.14145613546118
extorted	1	0	attraction	9.90117701200328	11.7980238762892	27.5100648386076	7.14145613546118	0.00102354145342886	0.992924357319955	0.00584412244963963	7.14145613546118
fastened	1	0	attraction	9.90117701200328	11.7980238762892	27.5100648386076	7.14145613546118	0.00102354145342886	0.992924357319955	0.00584412244963963	7.14145613546118
intervened	1	0	attraction	9.90117701200328	11.7980238762892	27.5100648386076	7.14145613546118	0.00102354145342886	0.992924357319955	0.00584412244963963	7.14145613546118
itemized	1	0	attraction	9.90117701200328	11.7980238762892	27.5100648386076	7.14145613546118	0.00102354145342886	0.992924357319955	0.00584412244963963	7.14145613546118
languished	1	0	attraction	9.90117701200328	11.7980238762892	27.5100648386076	7.14145613546118	0.00102354145342886	0.992924357319955	0.00584412244963963	7.14145613546118
lessened	1	0	attraction	9.90117701200328	11.7980238762892	27.5100648386076	7.14145613546118	0.00102354145342886	0.992924357319955	0.00584412244963963	7.14145613546118
merited	1	0	attraction	9.90117701200328	11.7980238762892	27.5100648386076	7.14145613546118	0.00102354145342886	0.992924357319955	0.00584412244963963	7.14145613546118
negotiated	1	0	attraction	9.90117701200328	11.7980238762892	27.5100648386076	7.14145613546118	0.00102354145342886	0.992924357319955	0.00584412244963963	7.14145613546118
occupied	1	0	attraction	9.90117701200328	11.7980238762892	27.5100648386076	7.14145613546118	0.00102354145342886	0.992924357319955	0.00584412244963963	7.14145613546118
perished	1	0	attraction	9.90117701200328	11.7980238762892	27.5100648386076	7.14145613546118	0.00102354145342886	0.992924357319955	0.00584412244963963	7.14145613546118
profaned	1	0	attraction	9.90117701200328	11.7980238762892	27.5100648386076	7.14145613546118	0.00102354145342886	0.992924357319955	0.00584412244963963	7.14145613546118
progressed	1	0	attraction	9.90117701200328	11.7980238762892	27.5100648386076	7.14145613546118	0.00102354145342886	0.992924357319955	0.00584412244963963	7.14145613546118
reaped	1	0	attraction	9.90117701200328	11.7980238762892	27.5100648386076	7.14145613546118	0.00102354145342886	0.992924357319955	0.00584412244963963	7.14145613546118
recoiled	1	0	attraction	9.90117701200328	11.7980238762892	27.5100648386076	7.14145613546118	0.00102354145342886	0.992924357319955	0.00584412244963963	7.14145613546118
renounced	1	0	attraction	9.90117701200328	11.7980238762892	27.5100648386076	7.14145613546118	0.00102354145342886	0.992924357319955	0.00584412244963963	7.14145613546118
responded	1	0	attraction	9.90117701200328	11.7980238762892	27.5100648386076	7.14145613546118	0.00102354145342886	0.992924357319955	0.00584412244963963	7.14145613546118
riveted	1	0	attraction	9.90117701200328	11.7980238762892	27.5100648386076	7.14145613546118	0.00102354145342886	0.992924357319955	0.00584412244963963	7.14145613546118
seized	1	0	attraction	9.90117701200328	11.7980238762892	27.5100648386076	7.14145613546118	0.00102354145342886	0.992924357319955	0.00584412244963963	7.14145613546118
severed	1	0	attraction	9.90117701200328	11.7980238762892	27.5100648386076	7.14145613546118	0.00102354145342886	0.992924357319955	0.00584412244963963	7.14145613546118
shifted	1	0	attraction	9.90117701200328	11.7980238762892	27.5100648386076	7.14145613546118	0.00102354145342886	0.992924357319955	0.00584412244963963	7.14145613546118
shrunken	1	0	attraction	9.90117701200328	11.7980238762892	27.5100648386076	7.14145613546118	0.00102354145342886	0.992924357319955	0.00584412244963963	7.14145613546118
slowed	1	0	attraction	9.90117701200328	11.7980238762892	27.5100648386076	7.14145613546118	0.00102354145342886	0.992924357319955	0.00584412244963963	7.14145613546118
softened	1	0	attraction	9.90117701200328	11.7980238762892	27.5100648386076	7.14145613546118	0.00102354145342886	0.992924357319955	0.00584412244963963	7.14145613546118
squandered	1	0	attraction	9.90117701200328	11.7980238762892	27.5100648386076	7.14145613546118	0.00102354145342886	0.992924357319955	0.00584412244963963	7.14145613546118
stolen	1	0	attraction	9.90117701200328	11.7980238762892	27.5100648386076	7.14145613546118	0.00102354145342886	0.992924357319955	0.00584412244963963	7.14145613546118
strangled	1	0	attraction	9.90117701200328	11.7980238762892	27.5100648386076	7.14145613546118	0.00102354145342886	0.992924357319955	0.00584412244963963	7.14145613546118
tasted	1	0	attraction	9.90117701200328	11.7980238762892	27.5100648386076	7.14145613546118	0.00102354145342886	0.992924357319955	0.00584412244963963	7.14145613546118
toppled	1	0	attraction	9.90117701200328	11.7980238762892	27.5100648386076	7.14145613546118	0.00102354145342886	0.992924357319955	0.00584412244963963	7.14145613546118
traded	1	0	attraction	9.90117701200328	11.7980238762892	27.5100648386076	7.14145613546118	0.00102354145342886	0.992924357319955	0.00584412244963963	7.14145613546118
unfolded	1	0	attraction	9.90117701200328	11.7980238762892	27.5100648386076	7.14145613546118	0.00102354145342886	0.992924357319955	0.00584412244963963	7.14145613546118
usurped	1	0	attraction	9.90117701200328	11.7980238762892	27.5100648386076	7.14145613546118	0.00102354145342886	0.992924357319955	0.00584412244963963	7.14145613546118
visited	1	0	attraction	9.90117701200328	11.7980238762892	27.5100648386076	7.14145613546118	0.00102354145342886	0.992924357319955	0.00584412244963963	7.14145613546118
waved	1	0	attraction	9.90117701200328	11.7980238762892	27.5100648386076	7.14145613546118	0.00102354145342886	0.992924357319955	0.00584412244963963	7.14145613546118
whitened	1	0	attraction	9.90117701200328	11.7980238762892	27.5100648386076	7.14145613546118	0.00102354145342886	0.992924357319955	0.00584412244963963	7.14145613546118
been	408	88	attraction	3775.85944404487	215.804198153724	7.01686599938976	6.8596851670458	0.416962399016996	0.818440747167213	2.41343757600755	5.20184409738736
arisen	7	1	attraction	63.3368331632114	29.1688644887479	6.89606557030869	6.94881105751879	0.00715748887875227	0.867967498241875	0.0395703588998159	5.70649151769173
learned	12	3	attraction	103.978931642205	36.4896502345791	6.34160314972334	6.81952804057382	0.012260593555397	0.793003393173052	0.0663051736788776	4.99328776126205
occurred	8	2	attraction	69.2866570839607	29.7936746557824	6.33747394053174	6.81952804057382	0.00817372903693136	0.792974646376034	0.0441795264266141	4.99328776126205
lived	4	1	attraction	34.6270584527585	21.0673093855695	6.33336177168469	6.81952804057382	0.00408686451846568	0.792945901663114	0.0220778352715254	4.99328776126205
marched	4	1	attraction	34.6270584527585	21.0673093855695	6.33336177168469	6.81952804057382	0.00408686451846568	0.792945901663114	0.0220778352715254	4.99328776126205
fallen	7	2	attraction	59.8445589043248	27.4726159673388	6.20291108834595	6.77888605607647	0.00715018758350249	0.770745225033632	0.0383632665580491	4.79254020749504
witnessed	7	2	attraction	59.8445589043248	27.4726159673388	6.20291108834595	6.77888605607647	0.00715018758350249	0.770745225033632	0.0383632665580491	4.79254020749504
elapsed	3	1	attraction	25.225128665328	17.6549560064318	6.04465247777638	6.72641863618234	0.00306332306503681	0.742938703012288	0.0162728466338709	4.54737766186234
resulted	3	1	attraction	25.225128665328	17.6549560064318	6.04465247777638	6.72641863618234	0.00306332306503681	0.742938703012288	0.0162728466338709	4.54737766186234
bestowed	6	3	attraction	48.0227570934678	23.5118881365744	5.6422576022157	6.55649363474003	0.00611934483482385	0.659626863868146	0.0315259259001199	3.84609316922041
caused	2	1	attraction	15.9994908355184	13.5745949448076	5.63816120231091	6.55649363474003	0.00203978161160795	0.659598171132506	0.0105027075118031	3.84609316922041
ceased	2	1	attraction	15.9994908355184	13.5745949448076	5.63816120231091	6.55649363474003	0.00203978161160795	0.659598171132506	0.0105027075118031	3.84609316922041
disappeared	2	1	attraction	15.9994908355184	13.5745949448076	5.63816120231091	6.55649363474003	0.00203978161160795	0.659598171132506	0.0105027075118031	3.84609316922041
dreamed	2	1	attraction	15.9994908355184	13.5745949448076	5.63816120231091	6.55649363474003	0.00203978161160795	0.659598171132506	0.0105027075118031	3.84609316922041
inherited	2	1	attraction	15.9994908355184	13.5745949448076	5.63816120231091	6.55649363474003	0.00203978161160795	0.659598171132506	0.0105027075118031	3.84609316922041
ordained	2	1	attraction	15.9994908355184	13.5745949448076	5.63816120231091	6.55649363474003	0.00203978161160795	0.659598171132506	0.0105027075118031	3.84609316922041
preceded	2	1	attraction	15.9994908355184	13.5745949448076	5.63816120231091	6.55649363474003	0.00203978161160795	0.659598171132506	0.0105027075118031	3.84609316922041
retained	2	1	attraction	15.9994908355184	13.5745949448076	5.63816120231091	6.55649363474003	0.00203978161160795	0.659598171132506	0.0105027075118031	3.84609316922041
survived	2	1	attraction	15.9994908355184	13.5745949448076	5.63816120231091	6.55649363474003	0.00203978161160795	0.659598171132506	0.0105027075118031	3.84609316922041
exhibited	3	2	attraction	23.0078658956112	15.7534353835909	5.35149799584124	6.40449054129498	0.00305602176978704	0.592938651818986	0.0152947535431979	3.31802498238298
spoken	4	3	attraction	30.0986858128194	17.7415074730729	5.23473488021282	6.33410121340358	0.00407226192796612	0.564374370807976	0.0201112504857111	3.09999882947314
suffered	5	4	attraction	37.2175197148826	19.5511603058101	5.17121733531896	6.29345922890623	0.00508850208614521	0.548508502702659	0.0249373679476045	2.98095723270792
contributed	7	6	attraction	51.4909029139528	22.7652314908315	5.10426959367065	6.24837133937769	0.00712098240250338	0.531428781765919	0.0346037792371255	2.85440496188756
seen	16	14	attraction	117.404567408611	34.2491184316071	5.09291355436878	6.23456553985266	0.0162744451213649	0.526364970137313	0.0789780393564533	2.81677051841875
asked	5	5	attraction	35.7340285351696	18.5212456322724	4.94806648246962	6.14145613546118	0.00508120079089543	0.492952896055217	0.0241698667376079	2.57585543718176
enabled	4	4	attraction	28.583202839442	16.5659057046929	4.94704550627921	6.14145613546118	0.00406496063271635	0.492945748236437	0.0193329462742219	2.57585543718176
served	4	4	attraction	28.583202839442	16.5659057046929	4.94704550627921	6.14145613546118	0.00406496063271635	0.492945748236437	0.0193329462742219	2.57585543718176
conducted	3	3	attraction	21.4343892455147	14.3464951769616	4.94602558630453	6.14145613546118	0.00304872047453726	0.492938600624941	0.0144975009243952	2.57585543718176
filled	3	3	attraction	21.4343892455147	14.3464951769616	4.94602558630453	6.14145613546118	0.00304872047453726	0.492938600624941	0.0144975009243952	2.57585543718176
awakened	2	2	attraction	14.2875856437471	11.7138642602852	4.94500672037768	6.14145613546118	0.00203248031635817	0.49293145322072	0.00966352913090391	2.57585543718176
discovered	2	2	attraction	14.2875856437471	11.7138642602852	4.94500672037768	6.14145613546118	0.00203248031635817	0.49293145322072	0.00966352913090391	2.57585543718176
earned	2	2	attraction	14.2875856437471	11.7138642602852	4.94500672037768	6.14145613546118	0.00203248031635817	0.49293145322072	0.00966352913090391	2.57585543718176
encountered	2	2	attraction	14.2875856437471	11.7138642602852	4.94500672037768	6.14145613546118	0.00203248031635817	0.49293145322072	0.00966352913090391	2.57585543718176
endured	2	2	attraction	14.2875856437471	11.7138642602852	4.94500672037768	6.14145613546118	0.00203248031635817	0.49293145322072	0.00966352913090391	2.57585543718176
multiplied	2	2	attraction	14.2875856437471	11.7138642602852	4.94500672037768	6.14145613546118	0.00203248031635817	0.49293145322072	0.00966352913090391	2.57585543718176
registered	2	2	attraction	14.2875856437471	11.7138642602852	4.94500672037768	6.14145613546118	0.00203248031635817	0.49293145322072	0.00966352913090391	2.57585543718176
traveled	2	2	attraction	14.2875856437471	11.7138642602852	4.94500672037768	6.14145613546118	0.00203248031635817	0.49293145322072	0.00966352913090391	2.57585543718176
worked	2	2	attraction	14.2875856437471	11.7138642602852	4.94500672037768	6.14145613546118	0.00203248031635817	0.49293145322072	0.00966352913090391	2.57585543718176
approached	1	1	attraction	7.14278992894853	8.28295285234643	4.94398890633772	6.14145613546118	0.00101624015817909	0.492924306023764	0.00483102933971926	2.57585543718176
beaten	1	1	attraction	7.14278992894853	8.28295285234643	4.94398890633772	6.14145613546118	0.00101624015817909	0.492924306023764	0.00483102933971926	2.57585543718176
confronted	1	1	attraction	7.14278992894853	8.28295285234643	4.94398890633772	6.14145613546118	0.00101624015817909	0.492924306023764	0.00483102933971926	2.57585543718176
covered	1	1	attraction	7.14278992894853	8.28295285234643	4.94398890633772	6.14145613546118	0.00101624015817909	0.492924306023764	0.00483102933971926	2.57585543718176
decreased	1	1	attraction	7.14278992894853	8.28295285234643	4.94398890633772	6.14145613546118	0.00101624015817909	0.492924306023764	0.00483102933971926	2.57585543718176
departed	1	1	attraction	7.14278992894853	8.28295285234643	4.94398890633772	6.14145613546118	0.00101624015817909	0.492924306023764	0.00483102933971926	2.57585543718176
despaired	1	1	attraction	7.14278992894853	8.28295285234643	4.94398890633772	6.14145613546118	0.00101624015817909	0.492924306023764	0.00483102933971926	2.57585543718176
differed	1	1	attraction	7.14278992894853	8.28295285234643	4.94398890633772	6.14145613546118	0.00101624015817909	0.492924306023764	0.00483102933971926	2.57585543718176
dissipated	1	1	attraction	7.14278992894853	8.28295285234643	4.94398890633772	6.14145613546118	0.00101624015817909	0.492924306023764	0.00483102933971926	2.57585543718176
enslaved	1	1	attraction	7.14278992894853	8.28295285234643	4.94398890633772	6.14145613546118	0.00101624015817909	0.492924306023764	0.00483102933971926	2.57585543718176
equaled	1	1	attraction	7.14278992894853	8.28295285234643	4.94398890633772	6.14145613546118	0.00101624015817909	0.492924306023764	0.00483102933971926	2.57585543718176
flattered	1	1	attraction	7.14278992894853	8.28295285234643	4.94398890633772	6.14145613546118	0.00101624015817909	0.492924306023764	0.00483102933971926	2.57585543718176
flourished	1	1	attraction	7.14278992894853	8.28295285234643	4.94398890633772	6.14145613546118	0.00101624015817909	0.492924306023764	0.00483102933971926	2.57585543718176
gotten	1	1	attraction	7.14278992894853	8.28295285234643	4.94398890633772	6.14145613546118	0.00101624015817909	0.492924306023764	0.00483102933971926	2.57585543718176
initiated	1	1	attraction	7.14278992894853	8.28295285234643	4.94398890633772	6.14145613546118	0.00101624015817909	0.492924306023764	0.00483102933971926	2.57585543718176
piled	1	1	attraction	7.14278992894853	8.28295285234643	4.94398890633772	6.14145613546118	0.00101624015817909	0.492924306023764	0.00483102933971926	2.57585543718176
poured	1	1	attraction	7.14278992894853	8.28295285234643	4.94398890633772	6.14145613546118	0.00101624015817909	0.492924306023764	0.00483102933971926	2.57585543718176
reformed	1	1	attraction	7.14278992894853	8.28295285234643	4.94398890633772	6.14145613546118	0.00101624015817909	0.492924306023764	0.00483102933971926	2.57585543718176
shunned	1	1	attraction	7.14278992894853	8.28295285234643	4.94398890633772	6.14145613546118	0.00101624015817909	0.492924306023764	0.00483102933971926	2.57585543718176
started	1	1	attraction	7.14278992894853	8.28295285234643	4.94398890633772	6.14145613546118	0.00101624015817909	0.492924306023764	0.00483102933971926	2.57585543718176
strained	1	1	attraction	7.14278992894853	8.28295285234643	4.94398890633772	6.14145613546118	0.00101624015817909	0.492924306023764	0.00483102933971926	2.57585543718176
uncovered	1	1	attraction	7.14278992894853	8.28295285234643	4.94398890633772	6.14145613546118	0.00101624015817909	0.492924306023764	0.00483102933971926	2.57585543718176
passed	18	20	attraction	126.23946880726	34.1770097452338	4.85606116696358	6.06345362345991	0.018277720256724	0.466729946235266	0.0857682220236313	2.39019135866318
proved	8	9	attraction	55.8852634958061	22.707823414602	4.83334543270922	6.05399329421084	0.00812261997018292	0.463562525110101	0.0379836942150769	2.3686116732668
changed	6	7	attraction	41.59170296166	19.4697067334519	4.79493053558199	6.02597891804125	0.00609013965382474	0.454498454578208	0.0283094852074209	2.30585100830611
prevailed	3	4	attraction	20.2056148960694	13.2504642512094	4.65833621237087	5.91906371412473	0.00304141917928748	0.421509978001583	0.0138250446488373	2.08125577282188
acted	4	6	attraction	26.2416415967386	14.7637692911024	4.5415657950474	5.81952804057382	0.00405035804221679	0.392945645948278	0.0180357528618303	1.89178470307121
authorized	2	3	attraction	13.1168337643687	10.4395613816122	4.53953431084102	5.81952804057382	0.0020251790211084	0.392931401974858	0.00901495349587415	1.89178470307121
concluded	2	3	attraction	13.1168337643687	10.4395613816122	4.53953431084102	5.81952804057382	0.0020251790211084	0.392931401974858	0.00901495349587415	1.89178470307121
displayed	2	3	attraction	13.1168337643687	10.4395613816122	4.53953431084102	5.81952804057382	0.0020251790211084	0.392931401974858	0.00901495349587415	1.89178470307121
improved	2	3	attraction	13.1168337643687	10.4395613816122	4.53953431084102	5.81952804057382	0.0020251790211084	0.392931401974858	0.00901495349587415	1.89178470307121
indicated	2	3	attraction	13.1168337643687	10.4395613816122	4.53953431084102	5.81952804057382	0.0020251790211084	0.392931401974858	0.00901495349587415	1.89178470307121
enjoyed	5	8	attraction	32.3161654190105	16.1741819760723	4.47804094829851	5.76294451220745	0.0050592969051461	0.377568127390496	0.0222639738831299	1.79178790208671
conferred	3	5	attraction	19.1954896041076	12.3649194433412	4.43518535952152	5.72641863618234	0.0030341178840377	0.367938498234625	0.0132439313661568	1.73002125968694
chosen	8	15	attraction	49.7578548292859	19.4172368894915	4.3224759973331	5.61789417940417	0.00807881219868425	0.340800071120796	0.0344750188290598	1.55856104834961
given	22	44	attraction	134.890873281548	31.4933890549048	4.27227896442694	5.55649363474003	0.0221966549844448	0.32640666893929	0.0936776025209826	1.46902603703413
reached	4	8	attraction	24.4538525184344	13.4288262139433	4.25386911925878	5.55649363474003	0.00403575545171724	0.326278876990485	0.0169796802798991	1.46902603703413
acquired	2	4	attraction	12.2229678643974	9.49561407925496	4.25184493690747	5.55649363474003	0.00201787772585862	0.326264684061585	0.00848693820070091	1.46902603703413
proclaimed	2	4	attraction	12.2229678643974	9.49561407925496	4.25184493690747	5.55649363474003	0.00201787772585862	0.326264684061585	0.00848693820070091	1.46902603703413
sanctioned	2	4	attraction	12.2229678643974	9.49561407925496	4.25184493690747	5.55649363474003	0.00201787772585862	0.326264684061585	0.00848693820070091	1.46902603703413
summoned	2	4	attraction	12.2229678643974	9.49561407925496	4.25184493690747	5.55649363474003	0.00201787772585862	0.326264684061585	0.00848693820070091	1.46902603703413
turned	2	4	attraction	12.2229678643974	9.49561407925496	4.25184493690747	5.55649363474003	0.00201787772585862	0.326264684061585	0.00848693820070091	1.46902603703413
undertaken	2	4	attraction	12.2229678643974	9.49561407925496	4.25184493690747	5.55649363474003	0.00201787772585862	0.326264684061585	0.00848693820070091	1.46902603703413
blinded	1	2	attraction	6.11049538389983	6.71441310697164	4.25083442440452	5.55649363474003	0.00100893886292931	0.326257588060163	0.00424274439078596	1.46902603703413
commenced	1	2	attraction	6.11049538389983	6.71441310697164	4.25083442440452	5.55649363474003	0.00100893886292931	0.326257588060163	0.00424274439078596	1.46902603703413
constructed	1	2	attraction	6.11049538389983	6.71441310697164	4.25083442440452	5.55649363474003	0.00100893886292931	0.326257588060163	0.00424274439078596	1.46902603703413
consumed	1	2	attraction	6.11049538389983	6.71441310697164	4.25083442440452	5.55649363474003	0.00100893886292931	0.326257588060163	0.00424274439078596	1.46902603703413
discharged	1	2	attraction	6.11049538389983	6.71441310697164	4.25083442440452	5.55649363474003	0.00100893886292931	0.326257588060163	0.00424274439078596	1.46902603703413
dispelled	1	2	attraction	6.11049538389983	6.71441310697164	4.25083442440452	5.55649363474003	0.00100893886292931	0.326257588060163	0.00424274439078596	1.46902603703413
emancipated	1	2	attraction	6.11049538389983	6.71441310697164	4.25083442440452	5.55649363474003	0.00100893886292931	0.326257588060163	0.00424274439078596	1.46902603703413
liberated	1	2	attraction	6.11049538389983	6.71441310697164	4.25083442440452	5.55649363474003	0.00100893886292931	0.326257588060163	0.00424274439078596	1.46902603703413
lighted	1	2	attraction	6.11049538389983	6.71441310697164	4.25083442440452	5.55649363474003	0.00100893886292931	0.326257588060163	0.00424274439078596	1.46902603703413
referred	1	2	attraction	6.11049538389983	6.71441310697164	4.25083442440452	5.55649363474003	0.00100893886292931	0.326257588060163	0.00424274439078596	1.46902603703413
refused	1	2	attraction	6.11049538389983	6.71441310697164	4.25083442440452	5.55649363474003	0.00100893886292931	0.326257588060163	0.00424274439078596	1.46902603703413
sacrificed	1	2	attraction	6.11049538389983	6.71441310697164	4.25083442440452	5.55649363474003	0.00100893886292931	0.326257588060163	0.00424274439078596	1.46902603703413
sensed	1	2	attraction	6.11049538389983	6.71441310697164	4.25083442440452	5.55649363474003	0.00100893886292931	0.326257588060163	0.00424274439078596	1.46902603703413
studied	1	2	attraction	6.11049538389983	6.71441310697164	4.25083442440452	5.55649363474003	0.00100893886292931	0.326257588060163	0.00424274439078596	1.46902603703413
produced	3	7	attraction	17.5915617884922	11.0062929499324	4.0986985196701	5.40449054129498	0.00301951529353815	0.292938395841339	0.0122762661156099	1.2683242586393
placed	9	22	attraction	52.1426301655771	18.7383474830615	4.05824818937638	5.35718482651662	0.00905124458536467	0.283303408443404	0.0364424608087659	1.21146595083904
failed	4	10	attraction	23.0069621098811	12.387692018237	4.03071096439446	5.33410121340358	0.00402115286121768	0.278659727077345	0.0160900030236009	1.18462028363824
approved	2	5	attraction	11.4995511964005	8.75942102934587	4.02869408405904	5.33410121340358	0.00201057643060884	0.278645585195189	0.00804212049296729	1.18462028363824
inspired	2	5	attraction	11.4995511964005	8.75942102934587	4.02869408405904	5.33410121340358	0.00201057643060884	0.278645585195189	0.00804212049296729	1.18462028363824
invested	2	5	attraction	11.4995511964005	8.75942102934587	4.02869408405904	5.33410121340358	0.00201057643060884	0.278645585195189	0.00804212049296729	1.18462028363824
opened	2	5	attraction	11.4995511964005	8.75942102934587	4.02869408405904	5.33410121340358	0.00201057643060884	0.278645585195189	0.00804212049296729	1.18462028363824
accepted	3	8	attraction	16.932063588998	10.4687134950575	3.96515982535061	5.26698701754504	0.00301221399828837	0.265665617370855	0.0118644720592967	1.10977691043232
existed	3	8	attraction	16.932063588998	10.4687134950575	3.96515982535061	5.26698701754504	0.00301221399828837	0.265665617370855	0.0118644720592967	1.10977691043232
forgotten	3	8	attraction	16.932063588998	10.4687134950575	3.96515982535061	5.26698701754504	0.00301221399828837	0.265665617370855	0.0118644720592967	1.10977691043232
intrusted	3	8	attraction	16.932063588998	10.4687134950575	3.96515982535061	5.26698701754504	0.00301221399828837	0.265665617370855	0.0118644720592967	1.10977691043232
led	4	11	attraction	22.3752146186081	11.945917550722	3.93539348273514	5.23456553985266	0.00401385156596791	0.259612056881568	0.0156929046811783	1.0752677027102
exalted	3	9	attraction	16.3411511861127	9.99873529502528	3.84736948794614	5.14145613546118	0.0030049127030386	0.242938293445083	0.0114894415637424	0.981776963582918
achieved	2	6	attraction	10.8921507786038	8.16393318198952	3.84636522568284	5.14145613546118	0.00200327513535906	0.242931248232812	0.00765819813909555	0.981776963582918
demanded	2	6	attraction	10.8921507786038	8.16393318198952	3.84636522568284	5.14145613546118	0.00200327513535906	0.242931248232812	0.00765819813909555	0.981776963582918
entered	2	6	attraction	10.8921507786038	8.16393318198952	3.84636522568284	5.14145613546118	0.00200327513535906	0.242931248232812	0.00765819813909555	0.981776963582918
commanded	1	3	attraction	5.44510108256064	5.77277251413866	3.84536201486584	5.14145613546118	0.00100163756767953	0.242924203429151	0.00382838480055124	0.981776963582918
elevated	1	3	attraction	5.44510108256064	5.77277251413866	3.84536201486584	5.14145613546118	0.00100163756767953	0.242924203429151	0.00382838480055124	0.981776963582918
emerged	1	3	attraction	5.44510108256064	5.77277251413866	3.84536201486584	5.14145613546118	0.00100163756767953	0.242924203429151	0.00382838480055124	0.981776963582918
exposed	1	3	attraction	5.44510108256064	5.77277251413866	3.84536201486584	5.14145613546118	0.00100163756767953	0.242924203429151	0.00382838480055124	0.981776963582918
mistaken	1	3	attraction	5.44510108256064	5.77277251413866	3.84536201486584	5.14145613546118	0.00100163756767953	0.242924203429151	0.00382838480055124	0.981776963582918
practiced	1	3	attraction	5.44510108256064	5.77277251413866	3.84536201486584	5.14145613546118	0.00100163756767953	0.242924203429151	0.00382838480055124	0.981776963582918
reared	1	3	attraction	5.44510108256064	5.77277251413866	3.84536201486584	5.14145613546118	0.00100163756767953	0.242924203429151	0.00382838480055124	0.981776963582918
reminded	1	3	attraction	5.44510108256064	5.77277251413866	3.84536201486584	5.14145613546118	0.00100163756767953	0.242924203429151	0.00382838480055124	0.981776963582918
scattered	1	3	attraction	5.44510108256064	5.77277251413866	3.84536201486584	5.14145613546118	0.00100163756767953	0.242924203429151	0.00382838480055124	0.981776963582918
separated	1	3	attraction	5.44510108256064	5.77277251413866	3.84536201486584	5.14145613546118	0.00100163756767953	0.242924203429151	0.00382838480055124	0.981776963582918
terminated	1	3	attraction	5.44510108256064	5.77277251413866	3.84536201486584	5.14145613546118	0.00100163756767953	0.242924203429151	0.00382838480055124	0.981776963582918
watched	1	3	attraction	5.44510108256064	5.77277251413866	3.84536201486584	5.14145613546118	0.00100163756767953	0.242924203429151	0.00382838480055124	0.981776963582918
wished	1	3	attraction	5.44510108256064	5.77277251413866	3.84536201486584	5.14145613546118	0.00100163756767953	0.242924203429151	0.00382838480055124	0.981776963582918
strengthened	4	13	attraction	21.2507728970008	11.1804122142031	3.76832479420203	5.05399329421084	0.00399924897546835	0.228239405563417	0.0149744466117025	0.901057893067858
taken	10	33	attraction	52.9259765725223	17.568288441869	3.75909685837234	5.03711947564645	0.00999447179104599	0.225545608351963	0.0373114546922015	0.886229538927941
added	3	10	attraction	15.8060605232278	9.58313246131315	3.74200167048736	5.02597891804125	0.00299761140778882	0.223707473015073	0.0111452821714185	0.876566762354604
advanced	3	10	attraction	15.8060605232278	9.58313246131315	3.74200167048736	5.02597891804125	0.00299761140778882	0.223707473015073	0.0111452821714185	0.876566762354604
blessed	3	10	attraction	15.8060605232278	9.58313246131315	3.74200167048736	5.02597891804125	0.00299761140778882	0.223707473015073	0.0111452821714185	0.876566762354604
anticipated	2	7	attraction	10.3689892685747	7.66897681351689	3.69220724423426	4.97153113401887	0.00199597384010929	0.2151534192062	0.00732078574114597	0.830761653851241
forced	2	7	attraction	10.3689892685747	7.66897681351689	3.69220724423426	4.97153113401887	0.00199597384010929	0.2151534192062	0.00732078574114597	0.830761653851241
moved	2	7	attraction	10.3689892685747	7.66897681351689	3.69220724423426	4.97153113401887	0.00199597384010929	0.2151534192062	0.00732078574114597	0.830761653851241
helped	3	11	attraction	15.317306401211	9.21204490145545	3.64668418882929	4.91906371412473	0.00299031011253904	0.207223905331573	0.0108274135819357	0.788774066619756
shared	2	8	attraction	9.90984024322004	7.24881660876235	3.55866854995998	4.81952804057382	0.00198867254485951	0.1929311457344	0.00702006105039353	0.714566923326747
altered	1	4	attraction	4.95395995321871	5.12568737963353	3.55767264093224	4.81952804057382	0.000994336272429755	0.192924152130729	0.003509326621165	0.714566923326747
demonstrated	1	4	attraction	4.95395995321871	5.12568737963353	3.55767264093224	4.81952804057382	0.000994336272429755	0.192924152130729	0.003509326621165	0.714566923326747
distributed	1	4	attraction	4.95395995321871	5.12568737963353	3.55767264093224	4.81952804057382	0.000994336272429755	0.192924152130729	0.003509326621165	0.714566923326747
ended	1	4	attraction	4.95395995321871	5.12568737963353	3.55767264093224	4.81952804057382	0.000994336272429755	0.192924152130729	0.003509326621165	0.714566923326747
experienced	1	4	attraction	4.95395995321871	5.12568737963353	3.55767264093224	4.81952804057382	0.000994336272429755	0.192924152130729	0.003509326621165	0.714566923326747
freed	1	4	attraction	4.95395995321871	5.12568737963353	3.55767264093224	4.81952804057382	0.000994336272429755	0.192924152130729	0.003509326621165	0.714566923326747
offered	1	4	attraction	4.95395995321871	5.12568737963353	3.55767264093224	4.81952804057382	0.000994336272429755	0.192924152130729	0.003509326621165	0.714566923326747
questioned	1	4	attraction	4.95395995321871	5.12568737963353	3.55767264093224	4.81952804057382	0.000994336272429755	0.192924152130729	0.003509326621165	0.714566923326747
remained	1	4	attraction	4.95395995321871	5.12568737963353	3.55767264093224	4.81952804057382	0.000994336272429755	0.192924152130729	0.003509326621165	0.714566923326747
reposed	1	4	attraction	4.95395995321871	5.12568737963353	3.55767264093224	4.81952804057382	0.000994336272429755	0.192924152130729	0.003509326621165	0.714566923326747
revived	1	4	attraction	4.95395995321871	5.12568737963353	3.55767264093224	4.81952804057382	0.000994336272429755	0.192924152130729	0.003509326621165	0.714566923326747
increased	3	13	attraction	14.4514074636166	8.57499915520402	3.47961550030117	4.72641863618234	0.00297570752203949	0.180438088643663	0.0102567288198302	0.651142740631978
afforded	2	9	attraction	9.50101179229127	6.88610037377651	3.44087821263455	4.68202451682388	0.00198137124960973	0.17474927630226	0.00674901825659944	0.622798375364907
raised	2	10	attraction	9.13279573556691	6.56864437610729	3.33551039502266	4.55649363474003	0.00197406995435995	0.159597709899681	0.00650248452858959	0.548765883347127
received	2	10	attraction	9.13279573556691	6.56864437610729	3.33551039502266	4.55649363474003	0.00197406995435995	0.159597709899681	0.00650248452858959	0.548765883347127
associated	1	5	attraction	4.56545173466834	4.64473298154834	3.33452178808283	4.55649363474003	0.000987034977179977	0.15959076749823	0.00325054864962102	0.548765883347127
augmented	1	5	attraction	4.56545173466834	4.64473298154834	3.33452178808283	4.55649363474003	0.000987034977179977	0.15959076749823	0.00325054864962102	0.548765883347127
celebrated	1	5	attraction	4.56545173466834	4.64473298154834	3.33452178808283	4.55649363474003	0.000987034977179977	0.15959076749823	0.00325054864962102	0.548765883347127
confederated	1	5	attraction	4.56545173466834	4.64473298154834	3.33452178808283	4.55649363474003	0.000987034977179977	0.15959076749823	0.00325054864962102	0.548765883347127
deemed	1	5	attraction	4.56545173466834	4.64473298154834	3.33452178808283	4.55649363474003	0.000987034977179977	0.15959076749823	0.00325054864962102	0.548765883347127
developed	1	5	attraction	4.56545173466834	4.64473298154834	3.33452178808283	4.55649363474003	0.000987034977179977	0.15959076749823	0.00325054864962102	0.548765883347127
encouraged	1	5	attraction	4.56545173466834	4.64473298154834	3.33452178808283	4.55649363474003	0.000987034977179977	0.15959076749823	0.00325054864962102	0.548765883347127
endowed	1	5	attraction	4.56545173466834	4.64473298154834	3.33452178808283	4.55649363474003	0.000987034977179977	0.15959076749823	0.00325054864962102	0.548765883347127
expanded	1	5	attraction	4.56545173466834	4.64473298154834	3.33452178808283	4.55649363474003	0.000987034977179977	0.15959076749823	0.00325054864962102	0.548765883347127
gained	1	5	attraction	4.56545173466834	4.64473298154834	3.33452178808283	4.55649363474003	0.000987034977179977	0.15959076749823	0.00325054864962102	0.548765883347127
resorted	1	5	attraction	4.56545173466834	4.64473298154834	3.33452178808283	4.55649363474003	0.000987034977179977	0.15959076749823	0.00325054864962102	0.548765883347127
returned	1	5	attraction	4.56545173466834	4.64473298154834	3.33452178808283	4.55649363474003	0.000987034977179977	0.15959076749823	0.00325054864962102	0.548765883347127
saved	1	5	attraction	4.56545173466834	4.64473298154834	3.33452178808283	4.55649363474003	0.000987034977179977	0.15959076749823	0.00325054864962102	0.548765883347127
shaken	1	5	attraction	4.56545173466834	4.64473298154834	3.33452178808283	4.55649363474003	0.000987034977179977	0.15959076749823	0.00325054864962102	0.548765883347127
treated	1	5	attraction	4.56545173466834	4.64473298154834	3.33452178808283	4.55649363474003	0.000987034977179977	0.15959076749823	0.00325054864962102	0.548765883347127
committed	3	16	attraction	13.3622434368145	7.81103627631887	3.27195422933341	4.47849112273875	0.00295380363629015	0.150832671876908	0.0095267209851953	0.506984682924018
adopted	2	12	attraction	8.49138428366208	6.03639778467387	3.15317423446532	4.33410121340358	0.0019594673638604	0.1357880835858	0.0060681058212742	0.437325016971277
divided	2	12	attraction	8.49138428366208	6.03639778467387	3.15317423446532	4.33410121340358	0.0019594673638604	0.1357880835858	0.0060681058212742	0.437325016971277
followed	2	12	attraction	8.49138428366208	6.03639778467387	3.15317423446532	4.33410121340358	0.0019594673638604	0.1357880835858	0.0060681058212742	0.437325016971277
affected	1	6	attraction	4.24475994086987	4.26837780748235	3.15219292970046	4.33410121340358	0.0009797336819302	0.135781192388796	0.00303336950971192	0.437325016971277
convinced	1	6	attraction	4.24475994086987	4.26837780748235	3.15219292970046	4.33410121340358	0.0009797336819302	0.135781192388796	0.00303336950971192	0.437325016971277
excited	1	6	attraction	4.24475994086987	4.26837780748235	3.15219292970046	4.33410121340358	0.0009797336819302	0.135781192388796	0.00303336950971192	0.437325016971277
fulfilled	1	6	attraction	4.24475994086987	4.26837780748235	3.15219292970046	4.33410121340358	0.0009797336819302	0.135781192388796	0.00303336950971192	0.437325016971277
reduced	1	6	attraction	4.24475994086987	4.26837780748235	3.15219292970046	4.33410121340358	0.0009797336819302	0.135781192388796	0.00303336950971192	0.437325016971277
regarded	1	6	attraction	4.24475994086987	4.26837780748235	3.15219292970046	4.33410121340358	0.0009797336819302	0.135781192388796	0.00303336950971192	0.437325016971277
removed	1	6	attraction	4.24475994086987	4.26837780748235	3.15219292970046	4.33410121340358	0.0009797336819302	0.135781192388796	0.00303336950971192	0.437325016971277
rendered	1	6	attraction	4.24475994086987	4.26837780748235	3.15219292970046	4.33410121340358	0.0009797336819302	0.135781192388796	0.00303336950971192	0.437325016971277
resolved	1	6	attraction	4.24475994086987	4.26837780748235	3.15219292970046	4.33410121340358	0.0009797336819302	0.135781192388796	0.00303336950971192	0.437325016971277
used	2	13	attraction	8.20859555738579	5.80998437975772	3.07312422483011	4.23456553985266	0.00195216606861062	0.126264222808697	0.00587478666735809	0.394572085223948
granted	3	20	attraction	12.1813403229605	7.02920424642077	3.04878146903487	4.20285668012532	0.00292459845529105	0.123372512821289	0.00872206478003762	0.381782069349121
accomplished	2	14	attraction	7.94637289578024	5.60445328213074	2.99900895066139	4.14145613546118	0.00194486477336085	0.117930838221326	0.00569462269487749	0.3580904702726
disturbed	1	7	attraction	3.97226807591282	3.96294692063785	2.99803494823141	4.14145613546118	0.000972432386680423	0.117923998231	0.00284663808464877	0.3580904702726
presented	1	7	attraction	3.97226807591282	3.96294692063785	2.99803494823141	4.14145613546118	0.000972432386680423	0.117923998231	0.00284663808464877	0.3580904702726
restored	1	7	attraction	3.97226807591282	3.96294692063785	2.99803494823141	4.14145613546118	0.000972432386680423	0.117923998231	0.00284663808464877	0.3580904702726
submitted	1	7	attraction	3.97226807591282	3.96294692063785	2.99803494823141	4.14145613546118	0.000972432386680423	0.117923998231	0.00284663808464877	0.3580904702726
carried	2	15	attraction	7.70204769839974	5.41670661400368	2.93000877710612	4.05399329421084	0.00193756347811107	0.110577845790076	0.0055260177809705	0.326660234548793
declared	2	15	attraction	7.70204769839974	5.41670661400368	2.93000877710612	4.05399329421084	0.00193756347811107	0.110577845790076	0.0055260177809705	0.326660234548793
maintained	2	16	attraction	7.47343987886417	5.24425600406482	2.86546295384695	3.97153113401887	0.00193026218286129	0.104041846822134	0.00536764975146728	0.299352114855456
assigned	1	8	attraction	3.73581529328051	3.7082489827525	2.8644962539118	3.97153113401887	0.000965131091430645	0.104035058040713	0.00268316167546277	0.299352114855456
derived	1	8	attraction	3.73581529328051	3.7082489827525	2.8644962539118	3.97153113401887	0.000965131091430645	0.104035058040713	0.00268316167546277	0.299352114855456
remembered	1	8	attraction	3.73581529328051	3.7082489827525	2.8644962539118	3.97153113401887	0.000965131091430645	0.104035058040713	0.00268316167546277	0.299352114855456
seemed	1	8	attraction	3.73581529328051	3.7082489827525	2.8644962539118	3.97153113401887	0.000965131091430645	0.104035058040713	0.00268316167546277	0.299352114855456
selected	1	8	attraction	3.73581529328051	3.7082489827525	2.8644962539118	3.97153113401887	0.000965131091430645	0.104035058040713	0.00268316167546277	0.299352114855456
surrendered	1	8	attraction	3.73581529328051	3.7082489827525	2.8644962539118	3.97153113401887	0.000965131091430645	0.104035058040713	0.00268316167546277	0.299352114855456
tried	1	8	attraction	3.73581529328051	3.7082489827525	2.8644962539118	3.97153113401887	0.000965131091430645	0.104035058040713	0.00268316167546277	0.299352114855456
called	7	57	attraction	25.9692915511708	9.72363362772482	2.85260534334264	3.94881105751879	0.00674861634476474	0.102339641885766	0.0186576441313893	0.292202005116488
continued	2	18	attraction	7.05645407974749	4.9375007572884	2.74766531378732	3.81952804057382	0.00191565959236174	0.0929306331977465	0.00507736474232655	0.254379284968944
honored	1	9	attraction	3.52733601646354	3.49134026759234	2.74670591650705	3.81952804057382	0.000957829796180868	0.0929238956274605	0.00253802915779159	0.254379284968944
proposed	1	9	attraction	3.52733601646354	3.49134026759234	2.74670591650705	3.81952804057382	0.000957829796180868	0.0929238956274605	0.00253802915779159	0.254379284968944
threatened	1	9	attraction	3.52733601646354	3.49134026759234	2.74670591650705	3.81952804057382	0.000957829796180868	0.0929238956274605	0.00253802915779159	0.254379284968944
admitted	1	10	attraction	3.34120391172905	3.30348725249549	2.6413380990475	3.68202451682388	0.000950528500931091	0.0838329352336661	0.0024077376265165	0.219048788031632
assembled	1	10	attraction	3.34120391172905	3.30348725249549	2.6413380990475	3.68202451682388	0.000950528500931091	0.0838329352336661	0.0024077376265165	0.219048788031632
enlarged	1	10	attraction	3.34120391172905	3.30348725249549	2.6413380990475	3.68202451682388	0.000950528500931091	0.0838329352336661	0.0024077376265165	0.219048788031632
required	2	22	attraction	6.34840244005805	4.43858486539007	2.54696540887884	3.55649363474003	0.00188645441136263	0.0762637614956072	0.00458066826499339	0.190704671645278
cherished	1	11	attraction	3.17333713253344	3.1385534571893	2.54602061738814	3.55649363474003	0.000943227205681313	0.0762571263542792	0.00228970066605111	0.190704671645278
opposed	1	11	attraction	3.17333713253344	3.1385534571893	2.54602061738814	3.55649363474003	0.000943227205681313	0.0762571263542792	0.00228970066605111	0.190704671645278
supposed	1	11	attraction	3.17333713253344	3.1385534571893	2.54602061738814	3.55649363474003	0.000943227205681313	0.0762571263542792	0.00228970066605111	0.190704671645278
secured	2	24	attraction	6.04306115370811	4.23144428276185	2.4599394268461	3.44101641732009	0.00187185182086307	0.0698534025631544	0.00436515566062348	0.167565128854535
imposed	1	12	attraction	3.02067980261745	2.99208294655395	2.4590019384902	3.44101641732009	0.000935925910431536	0.0698468186396496	0.00218195412388654	0.167565128854535
prepared	1	12	attraction	3.02067980261745	2.99208294655395	2.4590019384902	3.44101641732009	0.000935925910431536	0.0698468186396496	0.00218195412388654	0.167565128854535
promoted	1	12	attraction	3.02067980261745	2.99208294655395	2.4590019384902	3.44101641732009	0.000935925910431536	0.0698468186396496	0.00218195412388654	0.167565128854535
renewed	1	12	attraction	3.02067980261745	2.99208294655395	2.4590019384902	3.44101641732009	0.000935925910431536	0.0698468186396496	0.00218195412388654	0.167565128854535
determined	2	26	attraction	5.76344401965444	4.04571239310118	2.37988211391612	3.33410121340358	0.00185724923036352	0.0643587945434789	0.00416717051052953	0.148393940587097
believed	1	13	attraction	2.88088444560252	2.8607506678923	2.37895192885501	3.33410121340358	0.000928624615181759	0.0643522618400269	0.00208297123322714	0.148393940587097
entitled	1	13	attraction	2.88088444560252	2.8607506678923	2.37895192885501	3.33410121340358	0.000928624615181759	0.0643522618400269	0.00208297123322714	0.148393940587097
pledged	1	13	attraction	2.88088444560252	2.8607506678923	2.37895192885501	3.33410121340358	0.000928624615181759	0.0643522618400269	0.00208297123322714	0.148393940587097
written	1	13	attraction	2.88088444560252	2.8607506678923	2.37895192885501	3.33410121340358	0.000928624615181759	0.0643522618400269	0.00208297123322714	0.148393940587097
extended	2	28	attraction	5.50586603361623	3.87779875293289	2.30575953629265	3.23456553985266	0.00184264663986396	0.0595967872534304	0.00398429217370149	0.132308830318176
supported	1	14	attraction	2.75210855948235	2.74201779427559	2.30483665468634	3.23456553985266	0.000921323319931982	0.059590305772261	0.00199154167356453	0.132308830318176
considered	1	16	attraction	2.52200105213019	2.53485381390396	2.17129065787195	3.05399329421084	0.000906720729432427	0.0517470659034049	0.00182761737872094	0.106980215096639
reserved	1	19	attraction	2.23041609217235	2.28056375629906	1.99941849426058	2.81952804057382	0.000884816843683095	0.0429233825651288	0.00161898136633175	0.0804178516143271
enlightened	1	22	attraction	1.98677095881032	2.07399118919246	1.85279311290417	2.61789417940417	0.000862912957933763	0.0364014895014861	0.00144395032701201	0.0622883048705189
settled	1	23	attraction	1.91399093246291	2.01314431653676	1.80833404783848	2.55649363474003	0.000855611662683986	0.03458984398603	0.00139155433449215	0.0575058375924408
created	1	24	attraction	1.84483748571853	1.95563861843883	1.76576713087152	2.49759994568646	0.000848310367434208	0.0329231260060618	0.00134172428837925	0.0532106056822801
established	1	29	attraction	1.54438174232694	1.70841877588473	1.57648861769225	2.23456553985266	0.000811803891185322	0.0262562027617245	0.00112474923683732	0.0371191518024371
need	2	77	attraction	2.24296359611779	1.92567314762256	1.29380072395337	1.83767538728408	0.00148488317262487	0.0182440634141773	0.00163638308748061	0.020460907517961
then	2	80	attraction	2.13457990309052	1.86223757631694	1.25555759468593	1.7839041308431	0.00146297928687554	0.017317697713272	0.00155763972616512	0.0187594462855584
even	1	71	attraction	0.37037164070394	0.686210731642408	0.680797804246517	0.971531134018869	0.000505149490694675	0.00680960233010397	0.000270969130532822	0.00370816636824108
men	1	141	repulsion	3.33597696705025e-05	-0.00574688012212749	-0.00579369562641616	-0.00829098404350036	-5.94117678973691e-06	-4.06292702257362e-05	2.44563623142224e-08	1.69290537532371e-07
united	1	202	repulsion	0.150530003730053	-0.365124163439811	-0.365747440057078	-0.523879781723995	-0.000451320187026153	-0.00215991125737507	0.000110438010505171	0.000534195669979636
